category,question,answer
Nutrition,What should I eat for strength?,"Include dal, green leafy vegetables, eggs, milk, and seasonal fruits daily."
Nutrition,What foods prevent anemia?,"Eat foods rich in iron like spinach, jaggery, ragi, and meat if available."
Nutrition,What should pregnant women eat?,"Pregnant women should eat iron, calcium, and protein-rich foods like milk, leafy vegetables, and lentils."
Nutrition,How to gain healthy weight?,"Eat balanced meals with rice, pulses, ghee, and bananas. Avoid junk food."
Nutrition,What foods are good for children?,"Give children milk, fruits, eggs, and boiled vegetables regularly."
Nutrition,How can I improve immunity?,"Eat citrus fruits, turmeric milk, and stay hydrated daily."
Hygiene,How to keep drinking water clean?,Boil water for 10 minutes before drinking or use a filter or alum for purification.
Hygiene,How often should we wash hands?,Wash hands with soap before eating and after using the toilet.
Hygiene,How to prevent mosquito bites?,Use mosquito nets at night and remove stagnant water around your house.
Hygiene,How to maintain oral hygiene?,Brush teeth twice a day and rinse mouth after meals.
Hygiene,How to avoid infections?,"Keep surroundings clean, wash hands, and cook food properly."
Hygiene,What is safe sanitation?,Always use a toilet and avoid open defecation to prevent diseases.
Vaccination,When should children get vaccines?,"Children should get vaccines at birth, 6 weeks, 10 weeks, 14 weeks, 9 months, and 16 months."
Vaccination,Why are vaccines important?,"Vaccines protect children from dangerous diseases like polio, measles, and tuberculosis."
Vaccination,Do adults need vaccines too?,"Yes, adults should get booster doses for tetanus and other preventable diseases."
Vaccination,What is the polio vaccine schedule?,"Polio drops should be given at birth, 6 weeks, 10 weeks, and 14 weeks."
General,How much water should we drink daily?,Drink at least 8 glasses or 2–3 liters of water every day.
General,What is a healthy BMI?,A healthy BMI is between 18.5 and 24.9. You can calculate it as weight(kg)/height(m)^2.
General,How to maintain fitness without a gym?,"Do walking, skipping, or farming work regularly to stay active."
General,How to reduce stress naturally?,"Spend time outdoors, talk with family, and practice deep breathing."
General,How to improve sleep?,Sleep at the same time daily and avoid mobile phones before bed.
General,What are signs of dehydration?,"Dry mouth, dizziness, and dark urine. Drink water and rest in shade."
Awareness,What to do for clean surroundings?,"Dispose of waste properly, do not litter, and clean your surroundings daily."
Awareness,Why is toilet use important?,Using toilets prevents infections and keeps the village clean and disease-free.
Awareness,What to do if a child has fever?,"Keep the child hydrated, monitor temperature, and visit the local health worker if fever continues."
Awareness,How to stay healthy in summer?,"Drink more water, wear light clothes, and avoid being outside during the hottest hours."
Awareness,What to do during rainy season?,"Use mosquito nets, wear dry clothes, and keep water containers covered."
Awareness,What is the importance of vaccination drives?,They protect the entire community by preventing the spread of diseases.
sanjana,1,Male,50.0,10.0,40.0,Obese,2025-10-21,2026-04-19,8
abc,30,Female,160.0,50.0,19.531249999999996,Normal,2025-10-21,2026-04-19,9
abc,30,Female,160.0,60.0,23.437499999999996,Normal,2025-10-21,2026-04-19,9
abc,30,Male,50.0,10.0,40.0,Obese,2025-10-21,2026-04-19,8
abc,30,Female,160.0,10.0,3.906249999999999,Underweight,2025-10-21,2026-04-19,8
abc,30,Female,160.0,60.0,23.437499999999996,Normal,2025-10-21,2026-04-19,10
abc,30,Female,160.0,60.0,23.437499999999996,Normal,2025-10-21,2026-04-19,10
abc,30,Female,160.0,60.0,23.437499999999996,Normal,2025-10-21,2026-04-19,10
abc,30,Female,160.0,60.0,23.437499999999996,Normal,2025-10-21,2026-04-19,10
abc,30,Female,160.0,60.0,23.437499999999996,Normal,2025-10-21,2026-04-19,10
